series,year,month,avg_weekly_earnings
Not Seasonally Adjusted,2016,01,21.42
Not Seasonally Adjusted,2016,02,21.41
Not Seasonally Adjusted,2016,03,21.42
Not Seasonally Adjusted,2016,04,21.51
Not Seasonally Adjusted,2016,05,21.52
Not Seasonally Adjusted,2016,06,21.36
Not Seasonally Adjusted,2016,07,21.47
Not Seasonally Adjusted,2016,08,21.45
Not Seasonally Adjusted,2016,09,21.64
Not Seasonally Adjusted,2016,10,21.80
Not Seasonally Adjusted,2016,11,21.69
Not Seasonally Adjusted,2016,12,21.70
Not Seasonally Adjusted,2017,01,22.00
Not Seasonally Adjusted,2017,02,21.92
Not Seasonally Adjusted,2017,03,21.90
Not Seasonally Adjusted,2017,04,22.09
Not Seasonally Adjusted,2017,05,21.91
Not Seasonally Adjusted,2017,06,21.86
Not Seasonally Adjusted,2017,07,22.05
Not Seasonally Adjusted,2017,08,21.96
Not Seasonally Adjusted,2017,09,22.20
Not Seasonally Adjusted,2017,10,22.27
Not Seasonally Adjusted,2017,11,22.19
Not Seasonally Adjusted,2017,12,22.25
Not Seasonally Adjusted,2018,01,22.45
Not Seasonally Adjusted,2018,02,22.46
Not Seasonally Adjusted,2018,03,22.50
Not Seasonally Adjusted,2018,04,22.72
Not Seasonally Adjusted,2018,05,22.55
Not Seasonally Adjusted,2018,06,22.50
Not Seasonally Adjusted,2018,07,22.68
Not Seasonally Adjusted,2018,08,22.64
Not Seasonally Adjusted,2018,09,22.97
Not Seasonally Adjusted,2018,10,22.90
Not Seasonally Adjusted,2018,11,22.96
Not Seasonally Adjusted,2018,12,23.18
Not Seasonally Adjusted,2019,01,23.21
Not Seasonally Adjusted,2019,02,23.25
Not Seasonally Adjusted,2019,03,23.31
Not Seasonally Adjusted,2019,04,23.39
Not Seasonally Adjusted,2019,05,23.36
Not Seasonally Adjusted,2019,06,23.41
Not Seasonally Adjusted,2019,07,23.42
Not Seasonally Adjusted,2019,08,23.49
Not Seasonally Adjusted,2019,09,23.81
Not Seasonally Adjusted,2019,10,23.76
Not Seasonally Adjusted,2019,11,23.78
Not Seasonally Adjusted,2019,12,23.92
Not Seasonally Adjusted,2020,01,23.97
Not Seasonally Adjusted,2020,02,24.16
Not Seasonally Adjusted,2020,03,24.27
Not Seasonally Adjusted,2020,04,25.22
Not Seasonally Adjusted,2020,05,24.95
Not Seasonally Adjusted,2020,06,24.61
Not Seasonally Adjusted,2020,07,24.56
Not Seasonally Adjusted,2020,08,24.80
Not Seasonally Adjusted,2020,09,24.80
Not Seasonally Adjusted,2020,10,24.84
Not Seasonally Adjusted,2020,11,25.01
Not Seasonally Adjusted,2020,12,25.12
Not Seasonally Adjusted,2021,01,25.24
Not Seasonally Adjusted,2021,02,25.27
Not Seasonally Adjusted,2021,03,25.33
Not Seasonally Adjusted,2021,04,25.60
Not Seasonally Adjusted,2021,05,25.76
Not Seasonally Adjusted,2021,06,25.63
Not Seasonally Adjusted,2021,07,25.82
Not Seasonally Adjusted,2021,08,26.10
Not Seasonally Adjusted,2021,09,26.29
Not Seasonally Adjusted,2021,10,26.45
Not Seasonally Adjusted,2021,11,26.49
Not Seasonally Adjusted,2021,12,26.70
Not Seasonally Adjusted,2022,01,27.10
Not Seasonally Adjusted,2022,02,26.98
Not Seasonally Adjusted,2022,03,27.10
Not Seasonally Adjusted,2022,04,27.36
Not Seasonally Adjusted,2022,05,27.48
Not Seasonally Adjusted,2022,06,27.36
Not Seasonally Adjusted,2022,07,27.53
Not Seasonally Adjusted,2022,08,27.61
Not Seasonally Adjusted,2022,09,27.87
Not Seasonally Adjusted,2022,10,28.11
Not Seasonally Adjusted,2022,11,28.04
Not Seasonally Adjusted,2022,12,28.17
Not Seasonally Adjusted,2023,01,28.51
Not Seasonally Adjusted,2023,02,28.44
Not Seasonally Adjusted,2023,03,28.56
Not Seasonally Adjusted,2023,04,28.94
Not Seasonally Adjusted,2023,05,28.76
Not Seasonally Adjusted,2023,06,28.72
Not Seasonally Adjusted,2023,07,29.01
Not Seasonally Adjusted,2023,08,28.92
Not Seasonally Adjusted,2023,09,29.17
Not Seasonally Adjusted,2023,10,29.38
Not Seasonally Adjusted,2023,11,29.31
Not Seasonally Adjusted,2023,12,29.43
Not Seasonally Adjusted,2024,01,29.69
Not Seasonally Adjusted,2024,02,29.68
Not Seasonally Adjusted,2024,03,29.78
Not Seasonally Adjusted,2024,04,29.94
Not Seasonally Adjusted,2024,05,29.94
Not Seasonally Adjusted,2024,06,30.02
Not Seasonally Adjusted,2024,07,30.05
Not Seasonally Adjusted,2024,08,30.13
Not Seasonally Adjusted,2024,09,30.49
Not Seasonally Adjusted,2024,10,30.49
Not Seasonally Adjusted,2024,11,30.50
Not Seasonally Adjusted,2024,12,30.76
Not Seasonally Adjusted,2025,01,30.88
Not Seasonally Adjusted,2025,02,31.06
Not Seasonally Adjusted,2025,03,31.18
Not Seasonally Adjusted,2025,04,31.18
Not Seasonally Adjusted,2025,05,31.17
Not Seasonally Adjusted,2025,06,31.26
Not Seasonally Adjusted,2025,07,31.27
Not Seasonally Adjusted,2025,08,31.35
Not Seasonally Adjusted,2025,09,31.54
Not Seasonally Adjusted,2025,10,31.67
Not Seasonally Adjusted,2025,11,31.85
Not Seasonally Adjusted,2025,12,31.76
Seasonally Adjusted,2016,01,21.31
Seasonally Adjusted,2016,02,21.33
Seasonally Adjusted,2016,03,21.39
Seasonally Adjusted,2016,04,21.46
Seasonally Adjusted,2016,05,21.48
Seasonally Adjusted,2016,06,21.52
Seasonally Adjusted,2016,07,21.58
Seasonally Adjusted,2016,08,21.60
Seasonally Adjusted,2016,09,21.62
Seasonally Adjusted,2016,10,21.71
Seasonally Adjusted,2016,11,21.71
Seasonally Adjusted,2016,12,21.76
Seasonally Adjusted,2017,01,21.82
Seasonally Adjusted,2017,02,21.85
Seasonally Adjusted,2017,03,21.88
Seasonally Adjusted,2017,04,21.94
Seasonally Adjusted,2017,05,21.97
Seasonally Adjusted,2017,06,22.02
Seasonally Adjusted,2017,07,22.07
Seasonally Adjusted,2017,08,22.10
Seasonally Adjusted,2017,09,22.18
Seasonally Adjusted,2017,10,22.18
Seasonally Adjusted,2017,11,22.22
Seasonally Adjusted,2017,12,22.29
Seasonally Adjusted,2018,01,22.36
Seasonally Adjusted,2018,02,22.41
Seasonally Adjusted,2018,03,22.49
Seasonally Adjusted,2018,04,22.55
Seasonally Adjusted,2018,05,22.60
Seasonally Adjusted,2018,06,22.66
Seasonally Adjusted,2018,07,22.70
Seasonally Adjusted,2018,08,22.78
Seasonally Adjusted,2018,09,22.86
Seasonally Adjusted,2018,10,22.89
Seasonally Adjusted,2018,11,23.00
Seasonally Adjusted,2018,12,23.11
Seasonally Adjusted,2019,01,23.13
Seasonally Adjusted,2019,02,23.19
Seasonally Adjusted,2019,03,23.29
Seasonally Adjusted,2019,04,23.33
Seasonally Adjusted,2019,05,23.40
Seasonally Adjusted,2019,06,23.48
Seasonally Adjusted,2019,07,23.53
Seasonally Adjusted,2019,08,23.61
Seasonally Adjusted,2019,09,23.68
Seasonally Adjusted,2019,10,23.75
Seasonally Adjusted,2019,11,23.83
Seasonally Adjusted,2019,12,23.85
Seasonally Adjusted,2020,01,23.91
Seasonally Adjusted,2020,02,24.03
Seasonally Adjusted,2020,03,24.12
Seasonally Adjusted,2020,04,25.14
Seasonally Adjusted,2020,05,24.98
Seasonally Adjusted,2020,06,24.78
Seasonally Adjusted,2020,07,24.69
Seasonally Adjusted,2020,08,24.80
Seasonally Adjusted,2020,09,24.82
Seasonally Adjusted,2020,10,24.84
Seasonally Adjusted,2020,11,24.94
Seasonally Adjusted,2020,12,25.16
Seasonally Adjusted,2021,01,25.16
Seasonally Adjusted,2021,02,25.25
Seasonally Adjusted,2021,03,25.33
Seasonally Adjusted,2021,04,25.52
Seasonally Adjusted,2021,05,25.68
Seasonally Adjusted,2021,06,25.82
Seasonally Adjusted,2021,07,25.97
Seasonally Adjusted,2021,08,26.12
Seasonally Adjusted,2021,09,26.30
Seasonally Adjusted,2021,10,26.45
Seasonally Adjusted,2021,11,26.56
Seasonally Adjusted,2021,12,26.76
Seasonally Adjusted,2022,01,26.91
Seasonally Adjusted,2022,02,26.97
Seasonally Adjusted,2022,03,27.10
Seasonally Adjusted,2022,04,27.28
Seasonally Adjusted,2022,05,27.40
Seasonally Adjusted,2022,06,27.52
Seasonally Adjusted,2022,07,27.66
Seasonally Adjusted,2022,08,27.75
Seasonally Adjusted,2022,09,27.87
Seasonally Adjusted,2022,10,27.99
Seasonally Adjusted,2022,11,28.11
Seasonally Adjusted,2022,12,28.22
Seasonally Adjusted,2023,01,28.31
Seasonally Adjusted,2023,02,28.42
Seasonally Adjusted,2023,03,28.56
Seasonally Adjusted,2023,04,28.70
Seasonally Adjusted,2023,05,28.78
Seasonally Adjusted,2023,06,28.89
Seasonally Adjusted,2023,07,29.01
Seasonally Adjusted,2023,08,29.06
Seasonally Adjusted,2023,09,29.18
Seasonally Adjusted,2023,10,29.26
Seasonally Adjusted,2023,11,29.37
Seasonally Adjusted,2023,12,29.47
Seasonally Adjusted,2024,01,29.61
Seasonally Adjusted,2024,02,29.66
Seasonally Adjusted,2024,03,29.78
Seasonally Adjusted,2024,04,29.85
Seasonally Adjusted,2024,05,29.97
Seasonally Adjusted,2024,06,30.07
Seasonally Adjusted,2024,07,30.16
Seasonally Adjusted,2024,08,30.27
Seasonally Adjusted,2024,09,30.39
Seasonally Adjusted,2024,10,30.48
Seasonally Adjusted,2024,11,30.56
Seasonally Adjusted,2024,12,30.66
Seasonally Adjusted,2025,01,30.79
Seasonally Adjusted,2025,02,30.89
Seasonally Adjusted,2025,03,31.02
Seasonally Adjusted,2025,04,31.09
Seasonally Adjusted,2025,05,31.20
Seasonally Adjusted,2025,06,31.31
Seasonally Adjusted,2025,07,31.39
Seasonally Adjusted,2025,08,31.49
Seasonally Adjusted,2025,09,31.56
Seasonally Adjusted,2025,10,31.70
Seasonally Adjusted,2025,11,31.79
Seasonally Adjusted,2025,12,31.83
