industry,year,month,employment_thousands
Construction,2016,01,6631
Construction,2016,02,6640
Construction,2016,03,6678
Construction,2016,04,6702
Construction,2016,05,6689
Construction,2016,06,6701
Construction,2016,07,6735
Construction,2016,08,6736
Construction,2016,09,6768
Construction,2016,10,6799
Construction,2016,11,6823
Construction,2016,12,6818
Construction,2017,01,6840
Construction,2017,02,6881
Construction,2017,03,6902
Construction,2017,04,6916
Construction,2017,05,6931
Construction,2017,06,6962
Construction,2017,07,6968
Construction,2017,08,7002
Construction,2017,09,7013
Construction,2017,10,7031
Construction,2017,11,7068
Construction,2017,12,7091
Construction,2018,01,7093
Construction,2018,02,7184
Construction,2018,03,7194
Construction,2018,04,7212
Construction,2018,05,7274
Construction,2018,06,7292
Construction,2018,07,7318
Construction,2018,08,7347
Construction,2018,09,7375
Construction,2018,10,7389
Construction,2018,11,7386
Construction,2018,12,7396
Construction,2019,01,7425
Construction,2019,02,7395
Construction,2019,03,7425
Construction,2019,04,7468
Construction,2019,05,7478
Construction,2019,06,7502
Construction,2019,07,7526
Construction,2019,08,7530
Construction,2019,09,7547
Construction,2019,10,7553
Construction,2019,11,7541
Construction,2019,12,7527
Construction,2020,01,7575
Construction,2020,02,7610
Construction,2020,03,7541
Construction,2020,04,6522
Construction,2020,05,7004
Construction,2020,06,7159
Construction,2020,07,7196
Construction,2020,08,7226
Construction,2020,09,7253
Construction,2020,10,7301
Construction,2020,11,7321
Construction,2020,12,7357
Construction,2021,01,7362
Construction,2021,02,7278
Construction,2021,03,7399
Construction,2021,04,7400
Construction,2021,05,7391
Construction,2021,06,7393
Construction,2021,07,7425
Construction,2021,08,7432
Construction,2021,09,7484
Construction,2021,10,7518
Construction,2021,11,7562
Construction,2021,12,7595
Construction,2022,01,7595
Construction,2022,02,7651
Construction,2022,03,7692
Construction,2022,04,7698
Construction,2022,05,7738
Construction,2022,06,7761
Construction,2022,07,7792
Construction,2022,08,7801
Construction,2022,09,7832
Construction,2022,10,7847
Construction,2022,11,7863
Construction,2022,12,7885
Construction,2023,01,7932
Construction,2023,02,7943
Construction,2023,03,7926
Construction,2023,04,7955
Construction,2023,05,7965
Construction,2023,06,8006
Construction,2023,07,8016
Construction,2023,08,8042
Construction,2023,09,8053
Construction,2023,10,8080
Construction,2023,11,8088
Construction,2023,12,8100
Construction,2024,01,8123
Construction,2024,02,8132
Construction,2024,03,8164
Construction,2024,04,8170
Construction,2024,05,8176
Construction,2024,06,8196
Construction,2024,07,8208
Construction,2024,08,8236
Construction,2024,09,8254
Construction,2024,10,8262
Construction,2024,11,8267
Construction,2024,12,8276
Construction,2025,01,8264
Construction,2025,02,8267
Construction,2025,03,8273
Construction,2025,04,8271
Construction,2025,05,8269
Construction,2025,06,8267
Construction,2025,07,8261
Construction,2025,08,8239
Construction,2025,09,8255
Construction,2025,10,8243
Construction,2025,11,8279
Construction,2025,12,8272
Education and Health Services,2016,01,22348
Education and Health Services,2016,02,22401
Education and Health Services,2016,03,22447
Education and Health Services,2016,04,22503
Education and Health Services,2016,05,22564
Education and Health Services,2016,06,22615
Education and Health Services,2016,07,22669
Education and Health Services,2016,08,22715
Education and Health Services,2016,09,22779
Education and Health Services,2016,10,22827
Education and Health Services,2016,11,22865
Education and Health Services,2016,12,22928
Education and Health Services,2017,01,22941
Education and Health Services,2017,02,23018
Education and Health Services,2017,03,23047
Education and Health Services,2017,04,23105
Education and Health Services,2017,05,23140
Education and Health Services,2017,06,23165
Education and Health Services,2017,07,23232
Education and Health Services,2017,08,23269
Education and Health Services,2017,09,23295
Education and Health Services,2017,10,23313
Education and Health Services,2017,11,23354
Education and Health Services,2017,12,23383
Education and Health Services,2018,01,23438
Education and Health Services,2018,02,23494
Education and Health Services,2018,03,23523
Education and Health Services,2018,04,23546
Education and Health Services,2018,05,23583
Education and Health Services,2018,06,23615
Education and Health Services,2018,07,23643
Education and Health Services,2018,08,23701
Education and Health Services,2018,09,23709
Education and Health Services,2018,10,23756
Education and Health Services,2018,11,23768
Education and Health Services,2018,12,23852
Education and Health Services,2019,01,23902
Education and Health Services,2019,02,23923
Education and Health Services,2019,03,23988
Education and Health Services,2019,04,24054
Education and Health Services,2019,05,24090
Education and Health Services,2019,06,24135
Education and Health Services,2019,07,24181
Education and Health Services,2019,08,24246
Education and Health Services,2019,09,24288
Education and Health Services,2019,10,24328
Education and Health Services,2019,11,24391
Education and Health Services,2019,12,24428
Education and Health Services,2020,01,24510
Education and Health Services,2020,02,24573
Education and Health Services,2020,03,24356
Education and Health Services,2020,04,21742
Education and Health Services,2020,05,22150
Education and Health Services,2020,06,22727
Education and Health Services,2020,07,22923
Education and Health Services,2020,08,23124
Education and Health Services,2020,09,23189
Education and Health Services,2020,10,23278
Education and Health Services,2020,11,23337
Education and Health Services,2020,12,23334
Education and Health Services,2021,01,23362
Education and Health Services,2021,02,23413
Education and Health Services,2021,03,23536
Education and Health Services,2021,04,23584
Education and Health Services,2021,05,23616
Education and Health Services,2021,06,23642
Education and Health Services,2021,07,23684
Education and Health Services,2021,08,23708
Education and Health Services,2021,09,23705
Education and Health Services,2021,10,23800
Education and Health Services,2021,11,23845
Education and Health Services,2021,12,23886
Education and Health Services,2022,01,23869
Education and Health Services,2022,02,23984
Education and Health Services,2022,03,24057
Education and Health Services,2022,04,24117
Education and Health Services,2022,05,24176
Education and Health Services,2022,06,24267
Education and Health Services,2022,07,24395
Education and Health Services,2022,08,24468
Education and Health Services,2022,09,24552
Education and Health Services,2022,10,24642
Education and Health Services,2022,11,24729
Education and Health Services,2022,12,24773
Education and Health Services,2023,01,24883
Education and Health Services,2023,02,24956
Education and Health Services,2023,03,25033
Education and Health Services,2023,04,25113
Education and Health Services,2023,05,25221
Education and Health Services,2023,06,25314
Education and Health Services,2023,07,25435
Education and Health Services,2023,08,25544
Education and Health Services,2023,09,25641
Education and Health Services,2023,10,25735
Education and Health Services,2023,11,25853
Education and Health Services,2023,12,25935
Education and Health Services,2024,01,26033
Education and Health Services,2024,02,26130
Education and Health Services,2024,03,26225
Education and Health Services,2024,04,26313
Education and Health Services,2024,05,26383
Education and Health Services,2024,06,26474
Education and Health Services,2024,07,26515
Education and Health Services,2024,08,26573
Education and Health Services,2024,09,26691
Education and Health Services,2024,10,26786
Education and Health Services,2024,11,26870
Education and Health Services,2024,12,26945
Education and Health Services,2025,01,27006
Education and Health Services,2025,02,27064
Education and Health Services,2025,03,27132
Education and Health Services,2025,04,27216
Education and Health Services,2025,05,27276
Education and Health Services,2025,06,27325
Education and Health Services,2025,07,27412
Education and Health Services,2025,08,27435
Education and Health Services,2025,09,27489
Education and Health Services,2025,10,27533
Education and Health Services,2025,11,27589
Education and Health Services,2025,12,27627
Financial Activities,2016,01,8207
Financial Activities,2016,02,8209
Financial Activities,2016,03,8226
Financial Activities,2016,04,8248
Financial Activities,2016,05,8265
Financial Activities,2016,06,8282
Financial Activities,2016,07,8304
Financial Activities,2016,08,8319
Financial Activities,2016,09,8327
Financial Activities,2016,10,8332
Financial Activities,2016,11,8344
Financial Activities,2016,12,8370
Financial Activities,2017,01,8397
Financial Activities,2017,02,8398
Financial Activities,2017,03,8408
Financial Activities,2017,04,8425
Financial Activities,2017,05,8436
Financial Activities,2017,06,8452
Financial Activities,2017,07,8465
Financial Activities,2017,08,8476
Financial Activities,2017,09,8480
Financial Activities,2017,10,8481
Financial Activities,2017,11,8489
Financial Activities,2017,12,8496
Financial Activities,2018,01,8503
Financial Activities,2018,02,8527
Financial Activities,2018,03,8538
Financial Activities,2018,04,8544
Financial Activities,2018,05,8574
Financial Activities,2018,06,8591
Financial Activities,2018,07,8600
Financial Activities,2018,08,8610
Financial Activities,2018,09,8629
Financial Activities,2018,10,8644
Financial Activities,2018,11,8651
Financial Activities,2018,12,8661
Financial Activities,2019,01,8672
Financial Activities,2019,02,8685
Financial Activities,2019,03,8705
Financial Activities,2019,04,8721
Financial Activities,2019,05,8733
Financial Activities,2019,06,8748
Financial Activities,2019,07,8771
Financial Activities,2019,08,8785
Financial Activities,2019,09,8785
Financial Activities,2019,10,8801
Financial Activities,2019,11,8813
Financial Activities,2019,12,8822
Financial Activities,2020,01,8833
Financial Activities,2020,02,8872
Financial Activities,2020,03,8855
Financial Activities,2020,04,8592
Financial Activities,2020,05,8607
Financial Activities,2020,06,8622
Financial Activities,2020,07,8623
Financial Activities,2020,08,8649
Financial Activities,2020,09,8674
Financial Activities,2020,10,8691
Financial Activities,2020,11,8706
Financial Activities,2020,12,8718
Financial Activities,2021,01,8722
Financial Activities,2021,02,8718
Financial Activities,2021,03,8736
Financial Activities,2021,04,8750
Financial Activities,2021,05,8761
Financial Activities,2021,06,8773
Financial Activities,2021,07,8808
Financial Activities,2021,08,8826
Financial Activities,2021,09,8851
Financial Activities,2021,10,8879
Financial Activities,2021,11,8911
Financial Activities,2021,12,8938
Financial Activities,2022,01,8934
Financial Activities,2022,02,8976
Financial Activities,2022,03,9002
Financial Activities,2022,04,9037
Financial Activities,2022,05,9049
Financial Activities,2022,06,9059
Financial Activities,2022,07,9073
Financial Activities,2022,08,9092
Financial Activities,2022,09,9097
Financial Activities,2022,10,9122
Financial Activities,2022,11,9136
Financial Activities,2022,12,9146
Financial Activities,2023,01,9144
Financial Activities,2023,02,9152
Financial Activities,2023,03,9150
Financial Activities,2023,04,9180
Financial Activities,2023,05,9175
Financial Activities,2023,06,9182
Financial Activities,2023,07,9193
Financial Activities,2023,08,9193
Financial Activities,2023,09,9186
Financial Activities,2023,10,9179
Financial Activities,2023,11,9172
Financial Activities,2023,12,9176
Financial Activities,2024,01,9165
Financial Activities,2024,02,9151
Financial Activities,2024,03,9149
Financial Activities,2024,04,9144
Financial Activities,2024,05,9147
Financial Activities,2024,06,9159
Financial Activities,2024,07,9154
Financial Activities,2024,08,9162
Financial Activities,2024,09,9162
Financial Activities,2024,10,9164
Financial Activities,2024,11,9173
Financial Activities,2024,12,9179
Financial Activities,2025,01,9187
Financial Activities,2025,02,9199
Financial Activities,2025,03,9201
Financial Activities,2025,04,9205
Financial Activities,2025,05,9211
Financial Activities,2025,06,9204
Financial Activities,2025,07,9204
Financial Activities,2025,08,9185
Financial Activities,2025,09,9189
Financial Activities,2025,10,9184
Financial Activities,2025,11,9185
Financial Activities,2025,12,9186
Government,2016,01,22114
Government,2016,02,22138
Government,2016,03,22178
Government,2016,04,22184
Government,2016,05,22199
Government,2016,06,22180
Government,2016,07,22289
Government,2016,08,22284
Government,2016,09,22323
Government,2016,10,22295
Government,2016,11,22277
Government,2016,12,22304
Government,2017,01,22316
Government,2017,02,22326
Government,2017,03,22329
Government,2017,04,22335
Government,2017,05,22347
Government,2017,06,22360
Government,2017,07,22374
Government,2017,08,22310
Government,2017,09,22333
Government,2017,10,22361
Government,2017,11,22379
Government,2017,12,22384
Government,2018,01,22374
Government,2018,02,22419
Government,2018,03,22427
Government,2018,04,22444
Government,2018,05,22449
Government,2018,06,22482
Government,2018,07,22436
Government,2018,08,22468
Government,2018,09,22474
Government,2018,10,22479
Government,2018,11,22473
Government,2018,12,22511
Government,2019,01,22508
Government,2019,02,22525
Government,2019,03,22569
Government,2019,04,22619
Government,2019,05,22562
Government,2019,06,22604
Government,2019,07,22572
Government,2019,08,22625
Government,2019,09,22653
Government,2019,10,22670
Government,2019,11,22709
Government,2019,12,22726
Government,2020,01,22781
Government,2020,02,22857
Government,2020,03,22827
Government,2020,04,21909
Government,2020,05,21393
Government,2020,06,21412
Government,2020,07,21514
Government,2020,08,22000
Government,2020,09,21929
Government,2020,10,21805
Government,2020,11,21683
Government,2020,12,21678
Government,2021,01,21741
Government,2021,02,21754
Government,2021,03,21844
Government,2021,04,21893
Government,2021,05,21929
Government,2021,06,22031
Government,2021,07,22039
Government,2021,08,22136
Government,2021,09,22102
Government,2021,10,22027
Government,2021,11,22046
Government,2021,12,22062
Government,2022,01,22049
Government,2022,02,22032
Government,2022,03,22033
Government,2022,04,22069
Government,2022,05,22125
Government,2022,06,22142
Government,2022,07,22306
Government,2022,08,22306
Government,2022,09,22297
Government,2022,10,22293
Government,2022,11,22379
Government,2022,12,22365
Government,2023,01,22484
Government,2023,02,22538
Government,2023,03,22580
Government,2023,04,22642
Government,2023,05,22722
Government,2023,06,22792
Government,2023,07,22837
Government,2023,08,22907
Government,2023,09,22948
Government,2023,10,22993
Government,2023,11,23036
Government,2023,12,23091
Government,2024,01,23140
Government,2024,02,23211
Government,2024,03,23296
Government,2024,04,23297
Government,2024,05,23330
Government,2024,06,23339
Government,2024,07,23400
Government,2024,08,23436
Government,2024,09,23449
Government,2024,10,23486
Government,2024,11,23504
Government,2024,12,23529
Government,2025,01,23557
Government,2025,02,23559
Government,2025,03,23559
Government,2025,04,23568
Government,2025,05,23561
Government,2025,06,23586
Government,2025,07,23585
Government,2025,08,23535
Government,2025,09,23543
Government,2025,10,23390
Government,2025,11,23359
Government,2025,12,23349
Information,2016,01,2762
Information,2016,02,2775
Information,2016,03,2785
Information,2016,04,2789
Information,2016,05,2751
Information,2016,06,2801
Information,2016,07,2799
Information,2016,08,2803
Information,2016,09,2817
Information,2016,10,2814
Information,2016,11,2812
Information,2016,12,2817
Information,2017,01,2821
Information,2017,02,2815
Information,2017,03,2813
Information,2017,04,2804
Information,2017,05,2801
Information,2017,06,2811
Information,2017,07,2809
Information,2017,08,2813
Information,2017,09,2816
Information,2017,10,2811
Information,2017,11,2815
Information,2017,12,2818
Information,2018,01,2817
Information,2018,02,2819
Information,2018,03,2826
Information,2018,04,2838
Information,2018,05,2841
Information,2018,06,2838
Information,2018,07,2841
Information,2018,08,2840
Information,2018,09,2838
Information,2018,10,2850
Information,2018,11,2850
Information,2018,12,2851
Information,2019,01,2842
Information,2019,02,2843
Information,2019,03,2849
Information,2019,04,2846
Information,2019,05,2858
Information,2019,06,2875
Information,2019,07,2866
Information,2019,08,2865
Information,2019,09,2871
Information,2019,10,2874
Information,2019,11,2885
Information,2019,12,2891
Information,2020,01,2901
Information,2020,02,2910
Information,2020,03,2902
Information,2020,04,2643
Information,2020,05,2609
Information,2020,06,2622
Information,2020,07,2622
Information,2020,08,2640
Information,2020,09,2695
Information,2020,10,2684
Information,2020,11,2696
Information,2020,12,2712
Information,2021,01,2747
Information,2021,02,2764
Information,2021,03,2770
Information,2021,04,2796
Information,2021,05,2816
Information,2021,06,2824
Information,2021,07,2881
Information,2021,08,2903
Information,2021,09,2917
Information,2021,10,2938
Information,2021,11,2957
Information,2021,12,2967
Information,2022,01,2984
Information,2022,02,2990
Information,2022,03,3018
Information,2022,04,3034
Information,2022,05,3057
Information,2022,06,3076
Information,2022,07,3094
Information,2022,08,3097
Information,2022,09,3095
Information,2022,10,3100
Information,2022,11,3115
Information,2022,12,3092
Information,2023,01,3061
Information,2023,02,3048
Information,2023,03,3049
Information,2023,04,3043
Information,2023,05,3034
Information,2023,06,3021
Information,2023,07,3001
Information,2023,08,2981
Information,2023,09,2975
Information,2023,10,2951
Information,2023,11,2962
Information,2023,12,2963
Information,2024,01,2963
Information,2024,02,2958
Information,2024,03,2951
Information,2024,04,2940
Information,2024,05,2930
Information,2024,06,2930
Information,2024,07,2917
Information,2024,08,2909
Information,2024,09,2903
Information,2024,10,2887
Information,2024,11,2885
Information,2024,12,2895
Information,2025,01,2877
Information,2025,02,2876
Information,2025,03,2867
Information,2025,04,2865
Information,2025,05,2864
Information,2025,06,2863
Information,2025,07,2861
Information,2025,08,2860
Information,2025,09,2859
Information,2025,10,2853
Information,2025,11,2848
Information,2025,12,2842
Leisure and Hospitality,2016,01,15454
Leisure and Hospitality,2016,02,15494
Leisure and Hospitality,2016,03,15535
Leisure and Hospitality,2016,04,15562
Leisure and Hospitality,2016,05,15583
Leisure and Hospitality,2016,06,15639
Leisure and Hospitality,2016,07,15679
Leisure and Hospitality,2016,08,15725
Leisure and Hospitality,2016,09,15785
Leisure and Hospitality,2016,10,15780
Leisure and Hospitality,2016,11,15826
Leisure and Hospitality,2016,12,15845
Leisure and Hospitality,2017,01,15874
Leisure and Hospitality,2017,02,15917
Leisure and Hospitality,2017,03,15941
Leisure and Hospitality,2017,04,16006
Leisure and Hospitality,2017,05,16046
Leisure and Hospitality,2017,06,16087
Leisure and Hospitality,2017,07,16122
Leisure and Hospitality,2017,08,16150
Leisure and Hospitality,2017,09,16140
Leisure and Hospitality,2017,10,16133
Leisure and Hospitality,2017,11,16160
Leisure and Hospitality,2017,12,16183
Leisure and Hospitality,2018,01,16209
Leisure and Hospitality,2018,02,16231
Leisure and Hospitality,2018,03,16239
Leisure and Hospitality,2018,04,16226
Leisure and Hospitality,2018,05,16261
Leisure and Hospitality,2018,06,16310
Leisure and Hospitality,2018,07,16329
Leisure and Hospitality,2018,08,16343
Leisure and Hospitality,2018,09,16325
Leisure and Hospitality,2018,10,16356
Leisure and Hospitality,2018,11,16361
Leisure and Hospitality,2018,12,16412
Leisure and Hospitality,2019,01,16488
Leisure and Hospitality,2019,02,16494
Leisure and Hospitality,2019,03,16504
Leisure and Hospitality,2019,04,16527
Leisure and Hospitality,2019,05,16507
Leisure and Hospitality,2019,06,16512
Leisure and Hospitality,2019,07,16522
Leisure and Hospitality,2019,08,16602
Leisure and Hospitality,2019,09,16673
Leisure and Hospitality,2019,10,16722
Leisure and Hospitality,2019,11,16761
Leisure and Hospitality,2019,12,16805
Leisure and Hospitality,2020,01,16823
Leisure and Hospitality,2020,02,16889
Leisure and Hospitality,2020,03,16158
Leisure and Hospitality,2020,04,8719
Leisure and Hospitality,2020,05,9947
Leisure and Hospitality,2020,06,11777
Leisure and Hospitality,2020,07,12415
Leisure and Hospitality,2020,08,12573
Leisure and Hospitality,2020,09,13065
Leisure and Hospitality,2020,10,13303
Leisure and Hospitality,2020,11,13260
Leisure and Hospitality,2020,12,12798
Leisure and Hospitality,2021,01,12801
Leisure and Hospitality,2021,02,13142
Leisure and Hospitality,2021,03,13298
Leisure and Hospitality,2021,04,13568
Leisure and Hospitality,2021,05,13802
Leisure and Hospitality,2021,06,14085
Leisure and Hospitality,2021,07,14495
Leisure and Hospitality,2021,08,14621
Leisure and Hospitality,2021,09,14746
Leisure and Hospitality,2021,10,14949
Leisure and Hospitality,2021,11,15071
Leisure and Hospitality,2021,12,15246
Leisure and Hospitality,2022,01,15329
Leisure and Hospitality,2022,02,15462
Leisure and Hospitality,2022,03,15523
Leisure and Hospitality,2022,04,15626
Leisure and Hospitality,2022,05,15704
Leisure and Hospitality,2022,06,15794
Leisure and Hospitality,2022,07,15931
Leisure and Hospitality,2022,08,15990
Leisure and Hospitality,2022,09,16052
Leisure and Hospitality,2022,10,16142
Leisure and Hospitality,2022,11,16183
Leisure and Hospitality,2022,12,16245
Leisure and Hospitality,2023,01,16352
Leisure and Hospitality,2023,02,16431
Leisure and Hospitality,2023,03,16450
Leisure and Hospitality,2023,04,16487
Leisure and Hospitality,2023,05,16533
Leisure and Hospitality,2023,06,16594
Leisure and Hospitality,2023,07,16616
Leisure and Hospitality,2023,08,16651
Leisure and Hospitality,2023,09,16643
Leisure and Hospitality,2023,10,16689
Leisure and Hospitality,2023,11,16694
Leisure and Hospitality,2023,12,16704
Leisure and Hospitality,2024,01,16716
Leisure and Hospitality,2024,02,16744
Leisure and Hospitality,2024,03,16780
Leisure and Hospitality,2024,04,16762
Leisure and Hospitality,2024,05,16731
Leisure and Hospitality,2024,06,16744
Leisure and Hospitality,2024,07,16751
Leisure and Hospitality,2024,08,16746
Leisure and Hospitality,2024,09,16776
Leisure and Hospitality,2024,10,16799
Leisure and Hospitality,2024,11,16823
Leisure and Hospitality,2024,12,16862
Leisure and Hospitality,2025,01,16832
Leisure and Hospitality,2025,02,16796
Leisure and Hospitality,2025,03,16823
Leisure and Hospitality,2025,04,16836
Leisure and Hospitality,2025,05,16839
Leisure and Hospitality,2025,06,16837
Leisure and Hospitality,2025,07,16848
Leisure and Hospitality,2025,08,16870
Leisure and Hospitality,2025,09,16907
Leisure and Hospitality,2025,10,16948
Leisure and Hospitality,2025,11,16936
Leisure and Hospitality,2025,12,16961
Manufacturing,2016,01,12354
Manufacturing,2016,02,12337
Manufacturing,2016,03,12313
Manufacturing,2016,04,12325
Manufacturing,2016,05,12303
Manufacturing,2016,06,12321
Manufacturing,2016,07,12342
Manufacturing,2016,08,12319
Manufacturing,2016,09,12317
Manufacturing,2016,10,12316
Manufacturing,2016,11,12311
Manufacturing,2016,12,12324
Manufacturing,2017,01,12334
Manufacturing,2017,02,12350
Manufacturing,2017,03,12361
Manufacturing,2017,04,12367
Manufacturing,2017,05,12377
Manufacturing,2017,06,12390
Manufacturing,2017,07,12390
Manufacturing,2017,08,12435
Manufacturing,2017,09,12443
Manufacturing,2017,10,12457
Manufacturing,2017,11,12472
Manufacturing,2017,12,12501
Manufacturing,2018,01,12527
Manufacturing,2018,02,12551
Manufacturing,2018,03,12576
Manufacturing,2018,04,12595
Manufacturing,2018,05,12623
Manufacturing,2018,06,12656
Manufacturing,2018,07,12676
Manufacturing,2018,08,12688
Manufacturing,2018,09,12710
Manufacturing,2018,10,12731
Manufacturing,2018,11,12741
Manufacturing,2018,12,12761
Manufacturing,2019,01,12790
Manufacturing,2019,02,12782
Manufacturing,2019,03,12788
Manufacturing,2019,04,12785
Manufacturing,2019,05,12778
Manufacturing,2019,06,12787
Manufacturing,2019,07,12790
Manufacturing,2019,08,12789
Manufacturing,2019,09,12787
Manufacturing,2019,10,12733
Manufacturing,2019,11,12777
Manufacturing,2019,12,12760
Manufacturing,2020,01,12745
Manufacturing,2020,02,12743
Manufacturing,2020,03,12684
Manufacturing,2020,04,11382
Manufacturing,2020,05,11610
Manufacturing,2020,06,11950
Manufacturing,2020,07,11973
Manufacturing,2020,08,11999
Manufacturing,2020,09,12057
Manufacturing,2020,10,12086
Manufacturing,2020,11,12118
Manufacturing,2020,12,12153
Manufacturing,2021,01,12142
Manufacturing,2021,02,12172
Manufacturing,2021,03,12229
Manufacturing,2021,04,12193
Manufacturing,2021,05,12216
Manufacturing,2021,06,12247
Manufacturing,2021,07,12305
Manufacturing,2021,08,12353
Manufacturing,2021,09,12393
Manufacturing,2021,10,12453
Manufacturing,2021,11,12498
Manufacturing,2021,12,12537
Manufacturing,2022,01,12564
Manufacturing,2022,02,12601
Manufacturing,2022,03,12674
Manufacturing,2022,04,12726
Manufacturing,2022,05,12735
Manufacturing,2022,06,12767
Manufacturing,2022,07,12800
Manufacturing,2022,08,12832
Manufacturing,2022,09,12849
Manufacturing,2022,10,12883
Manufacturing,2022,11,12896
Manufacturing,2022,12,12895
Manufacturing,2023,01,12903
Manufacturing,2023,02,12898
Manufacturing,2023,03,12888
Manufacturing,2023,04,12884
Manufacturing,2023,05,12869
Manufacturing,2023,06,12875
Manufacturing,2023,07,12862
Manufacturing,2023,08,12861
Manufacturing,2023,09,12872
Manufacturing,2023,10,12837
Manufacturing,2023,11,12859
Manufacturing,2023,12,12872
Manufacturing,2024,01,12875
Manufacturing,2024,02,12852
Manufacturing,2024,03,12836
Manufacturing,2024,04,12833
Manufacturing,2024,05,12825
Manufacturing,2024,06,12814
Manufacturing,2024,07,12806
Manufacturing,2024,08,12772
Manufacturing,2024,09,12758
Manufacturing,2024,10,12697
Manufacturing,2024,11,12711
Manufacturing,2024,12,12693
Manufacturing,2025,01,12673
Manufacturing,2025,02,12671
Manufacturing,2025,03,12666
Manufacturing,2025,04,12662
Manufacturing,2025,05,12651
Manufacturing,2025,06,12636
Manufacturing,2025,07,12625
Manufacturing,2025,08,12615
Manufacturing,2025,09,12612
Manufacturing,2025,10,12603
Manufacturing,2025,11,12593
Manufacturing,2025,12,12580
Mining and Logging,2016,01,732
Mining and Logging,2016,02,710
Mining and Logging,2016,03,691
Mining and Logging,2016,04,678
Mining and Logging,2016,05,667
Mining and Logging,2016,06,657
Mining and Logging,2016,07,652
Mining and Logging,2016,08,647
Mining and Logging,2016,09,645
Mining and Logging,2016,10,644
Mining and Logging,2016,11,647
Mining and Logging,2016,12,647
Mining and Logging,2017,01,647
Mining and Logging,2017,02,656
Mining and Logging,2017,03,660
Mining and Logging,2017,04,669
Mining and Logging,2017,05,674
Mining and Logging,2017,06,677
Mining and Logging,2017,07,680
Mining and Logging,2017,08,683
Mining and Logging,2017,09,685
Mining and Logging,2017,10,686
Mining and Logging,2017,11,691
Mining and Logging,2017,12,694
Mining and Logging,2018,01,698
Mining and Logging,2018,02,707
Mining and Logging,2018,03,714
Mining and Logging,2018,04,722
Mining and Logging,2018,05,726
Mining and Logging,2018,06,730
Mining and Logging,2018,07,730
Mining and Logging,2018,08,737
Mining and Logging,2018,09,738
Mining and Logging,2018,10,741
Mining and Logging,2018,11,734
Mining and Logging,2018,12,743
Mining and Logging,2019,01,745
Mining and Logging,2019,02,743
Mining and Logging,2019,03,742
Mining and Logging,2019,04,739
Mining and Logging,2019,05,738
Mining and Logging,2019,06,734
Mining and Logging,2019,07,728
Mining and Logging,2019,08,719
Mining and Logging,2019,09,717
Mining and Logging,2019,10,717
Mining and Logging,2019,11,705
Mining and Logging,2019,12,693
Mining and Logging,2020,01,679
Mining and Logging,2020,02,684
Mining and Logging,2020,03,678
Mining and Logging,2020,04,619
Mining and Logging,2020,05,595
Mining and Logging,2020,06,579
Mining and Logging,2020,07,569
Mining and Logging,2020,08,561
Mining and Logging,2020,09,561
Mining and Logging,2020,10,556
Mining and Logging,2020,11,554
Mining and Logging,2020,12,557
Mining and Logging,2021,01,549
Mining and Logging,2021,02,539
Mining and Logging,2021,03,553
Mining and Logging,2021,04,555
Mining and Logging,2021,05,557
Mining and Logging,2021,06,559
Mining and Logging,2021,07,561
Mining and Logging,2021,08,565
Mining and Logging,2021,09,566
Mining and Logging,2021,10,569
Mining and Logging,2021,11,572
Mining and Logging,2021,12,577
Mining and Logging,2022,01,578
Mining and Logging,2022,02,581
Mining and Logging,2022,03,589
Mining and Logging,2022,04,596
Mining and Logging,2022,05,600
Mining and Logging,2022,06,608
Mining and Logging,2022,07,614
Mining and Logging,2022,08,612
Mining and Logging,2022,09,614
Mining and Logging,2022,10,618
Mining and Logging,2022,11,624
Mining and Logging,2022,12,627
Mining and Logging,2023,01,634
Mining and Logging,2023,02,633
Mining and Logging,2023,03,634
Mining and Logging,2023,04,637
Mining and Logging,2023,05,642
Mining and Logging,2023,06,640
Mining and Logging,2023,07,642
Mining and Logging,2023,08,641
Mining and Logging,2023,09,641
Mining and Logging,2023,10,639
Mining and Logging,2023,11,636
Mining and Logging,2023,12,638
Mining and Logging,2024,01,633
Mining and Logging,2024,02,633
Mining and Logging,2024,03,636
Mining and Logging,2024,04,628
Mining and Logging,2024,05,624
Mining and Logging,2024,06,620
Mining and Logging,2024,07,622
Mining and Logging,2024,08,620
Mining and Logging,2024,09,622
Mining and Logging,2024,10,622
Mining and Logging,2024,11,624
Mining and Logging,2024,12,622
Mining and Logging,2025,01,622
Mining and Logging,2025,02,622
Mining and Logging,2025,03,620
Mining and Logging,2025,04,622
Mining and Logging,2025,05,618
Mining and Logging,2025,06,616
Mining and Logging,2025,07,610
Mining and Logging,2025,08,607
Mining and Logging,2025,09,605
Mining and Logging,2025,10,606
Mining and Logging,2025,11,605
Mining and Logging,2025,12,604
Other Services,2016,01,5647
Other Services,2016,02,5666
Other Services,2016,03,5673
Other Services,2016,04,5678
Other Services,2016,05,5670
Other Services,2016,06,5682
Other Services,2016,07,5690
Other Services,2016,08,5702
Other Services,2016,09,5714
Other Services,2016,10,5720
Other Services,2016,11,5729
Other Services,2016,12,5711
Other Services,2017,01,5729
Other Services,2017,02,5741
Other Services,2017,03,5748
Other Services,2017,04,5753
Other Services,2017,05,5765
Other Services,2017,06,5769
Other Services,2017,07,5775
Other Services,2017,08,5777
Other Services,2017,09,5780
Other Services,2017,10,5793
Other Services,2017,11,5803
Other Services,2017,12,5805
Other Services,2018,01,5809
Other Services,2018,02,5814
Other Services,2018,03,5816
Other Services,2018,04,5824
Other Services,2018,05,5835
Other Services,2018,06,5844
Other Services,2018,07,5829
Other Services,2018,08,5829
Other Services,2018,09,5838
Other Services,2018,10,5841
Other Services,2018,11,5839
Other Services,2018,12,5846
Other Services,2019,01,5854
Other Services,2019,02,5856
Other Services,2019,03,5875
Other Services,2019,04,5891
Other Services,2019,05,5886
Other Services,2019,06,5894
Other Services,2019,07,5899
Other Services,2019,08,5901
Other Services,2019,09,5903
Other Services,2019,10,5898
Other Services,2019,11,5911
Other Services,2019,12,5917
Other Services,2020,01,5933
Other Services,2020,02,5934
Other Services,2020,03,5847
Other Services,2020,04,4511
Other Services,2020,05,4740
Other Services,2020,06,5092
Other Services,2020,07,5236
Other Services,2020,08,5289
Other Services,2020,09,5334
Other Services,2020,10,5354
Other Services,2020,11,5344
Other Services,2020,12,5313
Other Services,2021,01,5314
Other Services,2021,02,5324
Other Services,2021,03,5335
Other Services,2021,04,5358
Other Services,2021,05,5370
Other Services,2021,06,5438
Other Services,2021,07,5494
Other Services,2021,08,5532
Other Services,2021,09,5539
Other Services,2021,10,5578
Other Services,2021,11,5598
Other Services,2021,12,5617
Other Services,2022,01,5603
Other Services,2022,02,5648
Other Services,2022,03,5651
Other Services,2022,04,5657
Other Services,2022,05,5665
Other Services,2022,06,5674
Other Services,2022,07,5707
Other Services,2022,08,5719
Other Services,2022,09,5730
Other Services,2022,10,5748
Other Services,2022,11,5762
Other Services,2022,12,5771
Other Services,2023,01,5785
Other Services,2023,02,5785
Other Services,2023,03,5789
Other Services,2023,04,5798
Other Services,2023,05,5814
Other Services,2023,06,5831
Other Services,2023,07,5846
Other Services,2023,08,5874
Other Services,2023,09,5883
Other Services,2023,10,5893
Other Services,2023,11,5905
Other Services,2023,12,5906
Other Services,2024,01,5917
Other Services,2024,02,5930
Other Services,2024,03,5943
Other Services,2024,04,5947
Other Services,2024,05,5949
Other Services,2024,06,5962
Other Services,2024,07,5961
Other Services,2024,08,5957
Other Services,2024,09,5959
Other Services,2024,10,5962
Other Services,2024,11,5968
Other Services,2024,12,5972
Other Services,2025,01,5975
Other Services,2025,02,5977
Other Services,2025,03,5987
Other Services,2025,04,5987
Other Services,2025,05,5994
Other Services,2025,06,5984
Other Services,2025,07,5989
Other Services,2025,08,6008
Other Services,2025,09,6005
Other Services,2025,10,5999
Other Services,2025,11,6015
Other Services,2025,12,6023
Professional and Business Services,2016,01,20046
Professional and Business Services,2016,02,20058
Professional and Business Services,2016,03,20082
Professional and Business Services,2016,04,20113
Professional and Business Services,2016,05,20120
Professional and Business Services,2016,06,20162
Professional and Business Services,2016,07,20208
Professional and Business Services,2016,08,20212
Professional and Business Services,2016,09,20281
Professional and Business Services,2016,10,20303
Professional and Business Services,2016,11,20340
Professional and Business Services,2016,12,20374
Professional and Business Services,2017,01,20415
Professional and Business Services,2017,02,20433
Professional and Business Services,2017,03,20463
Professional and Business Services,2017,04,20494
Professional and Business Services,2017,05,20556
Professional and Business Services,2017,06,20589
Professional and Business Services,2017,07,20632
Professional and Business Services,2017,08,20671
Professional and Business Services,2017,09,20668
Professional and Business Services,2017,10,20709
Professional and Business Services,2017,11,20725
Professional and Business Services,2017,12,20764
Professional and Business Services,2018,01,20822
Professional and Business Services,2018,02,20861
Professional and Business Services,2018,03,20908
Professional and Business Services,2018,04,20952
Professional and Business Services,2018,05,21011
Professional and Business Services,2018,06,21060
Professional and Business Services,2018,07,21073
Professional and Business Services,2018,08,21112
Professional and Business Services,2018,09,21145
Professional and Business Services,2018,10,21171
Professional and Business Services,2018,11,21176
Professional and Business Services,2018,12,21196
Professional and Business Services,2019,01,21201
Professional and Business Services,2019,02,21230
Professional and Business Services,2019,03,21258
Professional and Business Services,2019,04,21315
Professional and Business Services,2019,05,21356
Professional and Business Services,2019,06,21402
Professional and Business Services,2019,07,21421
Professional and Business Services,2019,08,21455
Professional and Business Services,2019,09,21465
Professional and Business Services,2019,10,21476
Professional and Business Services,2019,11,21487
Professional and Business Services,2019,12,21467
Professional and Business Services,2020,01,21476
Professional and Business Services,2020,02,21483
Professional and Business Services,2020,03,21388
Professional and Business Services,2020,04,19223
Professional and Business Services,2020,05,19410
Professional and Business Services,2020,06,19768
Professional and Business Services,2020,07,19953
Professional and Business Services,2020,08,20147
Professional and Business Services,2020,09,20267
Professional and Business Services,2020,10,20455
Professional and Business Services,2020,11,20602
Professional and Business Services,2020,12,20770
Professional and Business Services,2021,01,20922
Professional and Business Services,2021,02,20999
Professional and Business Services,2021,03,21109
Professional and Business Services,2021,04,21103
Professional and Business Services,2021,05,21176
Professional and Business Services,2021,06,21257
Professional and Business Services,2021,07,21418
Professional and Business Services,2021,08,21535
Professional and Business Services,2021,09,21636
Professional and Business Services,2021,10,21873
Professional and Business Services,2021,11,22019
Professional and Business Services,2021,12,22129
Professional and Business Services,2022,01,22183
Professional and Business Services,2022,02,22372
Professional and Business Services,2022,03,22483
Professional and Business Services,2022,04,22468
Professional and Business Services,2022,05,22503
Professional and Business Services,2022,06,22564
Professional and Business Services,2022,07,22658
Professional and Business Services,2022,08,22697
Professional and Business Services,2022,09,22744
Professional and Business Services,2022,10,22783
Professional and Business Services,2022,11,22792
Professional and Business Services,2022,12,22774
Professional and Business Services,2023,01,22791
Professional and Business Services,2023,02,22837
Professional and Business Services,2023,03,22832
Professional and Business Services,2023,04,22837
Professional and Business Services,2023,05,22850
Professional and Business Services,2023,06,22826
Professional and Business Services,2023,07,22779
Professional and Business Services,2023,08,22768
Professional and Business Services,2023,09,22743
Professional and Business Services,2023,10,22715
Professional and Business Services,2023,11,22661
Professional and Business Services,2023,12,22643
Professional and Business Services,2024,01,22668
Professional and Business Services,2024,02,22658
Professional and Business Services,2024,03,22631
Professional and Business Services,2024,04,22616
Professional and Business Services,2024,05,22633
Professional and Business Services,2024,06,22606
Professional and Business Services,2024,07,22584
Professional and Business Services,2024,08,22544
Professional and Business Services,2024,09,22525
Professional and Business Services,2024,10,22486
Professional and Business Services,2024,11,22499
Professional and Business Services,2024,12,22532
Professional and Business Services,2025,01,22480
Professional and Business Services,2025,02,22473
Professional and Business Services,2025,03,22457
Professional and Business Services,2025,04,22470
Professional and Business Services,2025,05,22450
Professional and Business Services,2025,06,22419
Professional and Business Services,2025,07,22403
Professional and Business Services,2025,08,22375
Professional and Business Services,2025,09,22359
Professional and Business Services,2025,10,22335
Professional and Business Services,2025,11,22391
Professional and Business Services,2025,12,22372
Total Nonfarm,2016,01,143210
Total Nonfarm,2016,02,143406
Total Nonfarm,2016,03,143662
Total Nonfarm,2016,04,143854
Total Nonfarm,2016,05,143900
Total Nonfarm,2016,06,144147
Total Nonfarm,2016,07,144520
Total Nonfarm,2016,08,144661
Total Nonfarm,2016,09,144967
Total Nonfarm,2016,10,145065
Total Nonfarm,2016,11,145183
Total Nonfarm,2016,12,145408
Total Nonfarm,2017,01,145628
Total Nonfarm,2017,02,145846
Total Nonfarm,2017,03,145970
Total Nonfarm,2017,04,146175
Total Nonfarm,2017,05,146380
Total Nonfarm,2017,06,146583
Total Nonfarm,2017,07,146772
Total Nonfarm,2017,08,146919
Total Nonfarm,2017,09,147008
Total Nonfarm,2017,10,147149
Total Nonfarm,2017,11,147372
Total Nonfarm,2017,12,147523
Total Nonfarm,2018,01,147660
Total Nonfarm,2018,02,148054
Total Nonfarm,2018,03,148280
Total Nonfarm,2018,04,148420
Total Nonfarm,2018,05,148742
Total Nonfarm,2018,06,148960
Total Nonfarm,2018,07,149020
Total Nonfarm,2018,08,149277
Total Nonfarm,2018,09,149358
Total Nonfarm,2018,10,149527
Total Nonfarm,2018,11,149617
Total Nonfarm,2018,12,149809
Total Nonfarm,2019,01,150060
Total Nonfarm,2019,02,150067
Total Nonfarm,2019,03,150295
Total Nonfarm,2019,04,150591
Total Nonfarm,2019,05,150618
Total Nonfarm,2019,06,150838
Total Nonfarm,2019,07,150937
Total Nonfarm,2019,08,151169
Total Nonfarm,2019,09,151365
Total Nonfarm,2019,10,151460
Total Nonfarm,2019,11,151667
Total Nonfarm,2019,12,151794
Total Nonfarm,2020,01,152031
Total Nonfarm,2020,02,152293
Total Nonfarm,2020,03,150895
Total Nonfarm,2020,04,130426
Total Nonfarm,2020,05,133040
Total Nonfarm,2020,06,137671
Total Nonfarm,2020,07,139255
Total Nonfarm,2020,08,140821
Total Nonfarm,2020,09,141770
Total Nonfarm,2020,10,142460
Total Nonfarm,2020,11,142733
Total Nonfarm,2020,12,142548
Total Nonfarm,2021,01,142863
Total Nonfarm,2021,02,143380
Total Nonfarm,2021,03,144232
Total Nonfarm,2021,04,144587
Total Nonfarm,2021,05,145065
Total Nonfarm,2021,06,145820
Total Nonfarm,2021,07,146762
Total Nonfarm,2021,08,147314
Total Nonfarm,2021,09,147771
Total Nonfarm,2021,10,148572
Total Nonfarm,2021,11,149230
Total Nonfarm,2021,12,149816
Total Nonfarm,2022,01,150006
Total Nonfarm,2022,02,150825
Total Nonfarm,2022,03,151315
Total Nonfarm,2022,04,151623
Total Nonfarm,2022,05,151924
Total Nonfarm,2022,06,152358
Total Nonfarm,2022,07,153072
Total Nonfarm,2022,08,153362
Total Nonfarm,2022,09,153582
Total Nonfarm,2022,10,153939
Total Nonfarm,2022,11,154242
Total Nonfarm,2022,12,154342
Total Nonfarm,2023,01,154776
Total Nonfarm,2023,02,155066
Total Nonfarm,2023,03,155134
Total Nonfarm,2023,04,155375
Total Nonfarm,2023,05,155655
Total Nonfarm,2023,06,155880
Total Nonfarm,2023,07,156043
Total Nonfarm,2023,08,156261
Total Nonfarm,2023,09,156417
Total Nonfarm,2023,10,156576
Total Nonfarm,2023,11,156703
Total Nonfarm,2023,12,156857
Total Nonfarm,2024,01,157032
Total Nonfarm,2024,02,157238
Total Nonfarm,2024,03,157466
Total Nonfarm,2024,04,157530
Total Nonfarm,2024,05,157608
Total Nonfarm,2024,06,157695
Total Nonfarm,2024,07,157748
Total Nonfarm,2024,08,157757
Total Nonfarm,2024,09,157912
Total Nonfarm,2024,10,157945
Total Nonfarm,2024,11,158079
Total Nonfarm,2024,12,158316
Total Nonfarm,2025,01,158268
Total Nonfarm,2025,02,158310
Total Nonfarm,2025,03,158377
Total Nonfarm,2025,04,158485
Total Nonfarm,2025,05,158498
Total Nonfarm,2025,06,158478
Total Nonfarm,2025,07,158542
Total Nonfarm,2025,08,158472
Total Nonfarm,2025,09,158548
Total Nonfarm,2025,10,158408
Total Nonfarm,2025,11,158449
Total Nonfarm,2025,12,158432
"Trade, Transportation, and Utilities",2016,01,26915
"Trade, Transportation, and Utilities",2016,02,26978
"Trade, Transportation, and Utilities",2016,03,27054
"Trade, Transportation, and Utilities",2016,04,27072
"Trade, Transportation, and Utilities",2016,05,27089
"Trade, Transportation, and Utilities",2016,06,27107
"Trade, Transportation, and Utilities",2016,07,27153
"Trade, Transportation, and Utilities",2016,08,27199
"Trade, Transportation, and Utilities",2016,09,27211
"Trade, Transportation, and Utilities",2016,10,27235
"Trade, Transportation, and Utilities",2016,11,27209
"Trade, Transportation, and Utilities",2016,12,27270
"Trade, Transportation, and Utilities",2017,01,27314
"Trade, Transportation, and Utilities",2017,02,27311
"Trade, Transportation, and Utilities",2017,03,27298
"Trade, Transportation, and Utilities",2017,04,27301
"Trade, Transportation, and Utilities",2017,05,27307
"Trade, Transportation, and Utilities",2017,06,27321
"Trade, Transportation, and Utilities",2017,07,27325
"Trade, Transportation, and Utilities",2017,08,27333
"Trade, Transportation, and Utilities",2017,09,27355
"Trade, Transportation, and Utilities",2017,10,27374
"Trade, Transportation, and Utilities",2017,11,27416
"Trade, Transportation, and Utilities",2017,12,27404
"Trade, Transportation, and Utilities",2018,01,27370
"Trade, Transportation, and Utilities",2018,02,27447
"Trade, Transportation, and Utilities",2018,03,27519
"Trade, Transportation, and Utilities",2018,04,27517
"Trade, Transportation, and Utilities",2018,05,27565
"Trade, Transportation, and Utilities",2018,06,27542
"Trade, Transportation, and Utilities",2018,07,27545
"Trade, Transportation, and Utilities",2018,08,27602
"Trade, Transportation, and Utilities",2018,09,27577
"Trade, Transportation, and Utilities",2018,10,27569
"Trade, Transportation, and Utilities",2018,11,27638
"Trade, Transportation, and Utilities",2018,12,27580
"Trade, Transportation, and Utilities",2019,01,27633
"Trade, Transportation, and Utilities",2019,02,27591
"Trade, Transportation, and Utilities",2019,03,27592
"Trade, Transportation, and Utilities",2019,04,27626
"Trade, Transportation, and Utilities",2019,05,27632
"Trade, Transportation, and Utilities",2019,06,27645
"Trade, Transportation, and Utilities",2019,07,27661
"Trade, Transportation, and Utilities",2019,08,27652
"Trade, Transportation, and Utilities",2019,09,27676
"Trade, Transportation, and Utilities",2019,10,27688
"Trade, Transportation, and Utilities",2019,11,27687
"Trade, Transportation, and Utilities",2019,12,27758
"Trade, Transportation, and Utilities",2020,01,27775
"Trade, Transportation, and Utilities",2020,02,27738
"Trade, Transportation, and Utilities",2020,03,27659
"Trade, Transportation, and Utilities",2020,04,24564
"Trade, Transportation, and Utilities",2020,05,24975
"Trade, Transportation, and Utilities",2020,06,25963
"Trade, Transportation, and Utilities",2020,07,26231
"Trade, Transportation, and Utilities",2020,08,26613
"Trade, Transportation, and Utilities",2020,09,26746
"Trade, Transportation, and Utilities",2020,10,26947
"Trade, Transportation, and Utilities",2020,11,27112
"Trade, Transportation, and Utilities",2020,12,27158
"Trade, Transportation, and Utilities",2021,01,27201
"Trade, Transportation, and Utilities",2021,02,27277
"Trade, Transportation, and Utilities",2021,03,27423
"Trade, Transportation, and Utilities",2021,04,27387
"Trade, Transportation, and Utilities",2021,05,27431
"Trade, Transportation, and Utilities",2021,06,27571
"Trade, Transportation, and Utilities",2021,07,27652
"Trade, Transportation, and Utilities",2021,08,27703
"Trade, Transportation, and Utilities",2021,09,27832
"Trade, Transportation, and Utilities",2021,10,27988
"Trade, Transportation, and Utilities",2021,11,28151
"Trade, Transportation, and Utilities",2021,12,28262
"Trade, Transportation, and Utilities",2022,01,28318
"Trade, Transportation, and Utilities",2022,02,28528
"Trade, Transportation, and Utilities",2022,03,28593
"Trade, Transportation, and Utilities",2022,04,28595
"Trade, Transportation, and Utilities",2022,05,28572
"Trade, Transportation, and Utilities",2022,06,28646
"Trade, Transportation, and Utilities",2022,07,28702
"Trade, Transportation, and Utilities",2022,08,28748
"Trade, Transportation, and Utilities",2022,09,28720
"Trade, Transportation, and Utilities",2022,10,28761
"Trade, Transportation, and Utilities",2022,11,28763
"Trade, Transportation, and Utilities",2022,12,28769
"Trade, Transportation, and Utilities",2023,01,28807
"Trade, Transportation, and Utilities",2023,02,28845
"Trade, Transportation, and Utilities",2023,03,28803
"Trade, Transportation, and Utilities",2023,04,28799
"Trade, Transportation, and Utilities",2023,05,28830
"Trade, Transportation, and Utilities",2023,06,28799
"Trade, Transportation, and Utilities",2023,07,28816
"Trade, Transportation, and Utilities",2023,08,28799
"Trade, Transportation, and Utilities",2023,09,28832
"Trade, Transportation, and Utilities",2023,10,28865
"Trade, Transportation, and Utilities",2023,11,28837
"Trade, Transportation, and Utilities",2023,12,28829
"Trade, Transportation, and Utilities",2024,01,28799
"Trade, Transportation, and Utilities",2024,02,28839
"Trade, Transportation, and Utilities",2024,03,28855
"Trade, Transportation, and Utilities",2024,04,28880
"Trade, Transportation, and Utilities",2024,05,28880
"Trade, Transportation, and Utilities",2024,06,28851
"Trade, Transportation, and Utilities",2024,07,28830
"Trade, Transportation, and Utilities",2024,08,28802
"Trade, Transportation, and Utilities",2024,09,28813
"Trade, Transportation, and Utilities",2024,10,28794
"Trade, Transportation, and Utilities",2024,11,28755
"Trade, Transportation, and Utilities",2024,12,28811
"Trade, Transportation, and Utilities",2025,01,28795
"Trade, Transportation, and Utilities",2025,02,28806
"Trade, Transportation, and Utilities",2025,03,28792
"Trade, Transportation, and Utilities",2025,04,28783
"Trade, Transportation, and Utilities",2025,05,28765
"Trade, Transportation, and Utilities",2025,06,28741
"Trade, Transportation, and Utilities",2025,07,28744
"Trade, Transportation, and Utilities",2025,08,28743
"Trade, Transportation, and Utilities",2025,09,28725
"Trade, Transportation, and Utilities",2025,10,28714
"Trade, Transportation, and Utilities",2025,11,28649
"Trade, Transportation, and Utilities",2025,12,28616
