series,year,month,ppi_value
Not Seasonally Adjusted,2016,01,109.7
Not Seasonally Adjusted,2016,02,109.6
Not Seasonally Adjusted,2016,03,109.7
Not Seasonally Adjusted,2016,04,110.0
Not Seasonally Adjusted,2016,05,110.2
Not Seasonally Adjusted,2016,06,110.8
Not Seasonally Adjusted,2016,07,110.8
Not Seasonally Adjusted,2016,08,110.5
Not Seasonally Adjusted,2016,09,110.6
Not Seasonally Adjusted,2016,10,111.0
Not Seasonally Adjusted,2016,11,110.8
Not Seasonally Adjusted,2016,12,111.0
Not Seasonally Adjusted,2017,01,111.6
Not Seasonally Adjusted,2017,02,111.8
Not Seasonally Adjusted,2017,03,112.1
Not Seasonally Adjusted,2017,04,112.7
Not Seasonally Adjusted,2017,05,112.7
Not Seasonally Adjusted,2017,06,112.9
Not Seasonally Adjusted,2017,07,113.0
Not Seasonally Adjusted,2017,08,113.2
Not Seasonally Adjusted,2017,09,113.5
Not Seasonally Adjusted,2017,10,114.1
Not Seasonally Adjusted,2017,11,114.1
Not Seasonally Adjusted,2017,12,113.8
Not Seasonally Adjusted,2018,01,114.5
Not Seasonally Adjusted,2018,02,114.9
Not Seasonally Adjusted,2018,03,115.4
Not Seasonally Adjusted,2018,04,115.7
Not Seasonally Adjusted,2018,05,116.2
Not Seasonally Adjusted,2018,06,116.6
Not Seasonally Adjusted,2018,07,116.8
Not Seasonally Adjusted,2018,08,116.6
Not Seasonally Adjusted,2018,09,116.6
Not Seasonally Adjusted,2018,10,117.6
Not Seasonally Adjusted,2018,11,117.1
Not Seasonally Adjusted,2018,12,116.8
Not Seasonally Adjusted,2019,01,116.7
Not Seasonally Adjusted,2019,02,117.1
Not Seasonally Adjusted,2019,03,117.7
Not Seasonally Adjusted,2019,04,118.5
Not Seasonally Adjusted,2019,05,118.6
Not Seasonally Adjusted,2019,06,118.5
Not Seasonally Adjusted,2019,07,118.7
Not Seasonally Adjusted,2019,08,118.8
Not Seasonally Adjusted,2019,09,118.3
Not Seasonally Adjusted,2019,10,118.8
Not Seasonally Adjusted,2019,11,118.3
Not Seasonally Adjusted,2019,12,118.4
Not Seasonally Adjusted,2020,01,119.0
Not Seasonally Adjusted,2020,02,118.4
Not Seasonally Adjusted,2020,03,118.1
Not Seasonally Adjusted,2020,04,116.7
Not Seasonally Adjusted,2020,05,117.3
Not Seasonally Adjusted,2020,06,117.7
Not Seasonally Adjusted,2020,07,118.4
Not Seasonally Adjusted,2020,08,118.5
Not Seasonally Adjusted,2020,09,118.7
Not Seasonally Adjusted,2020,10,119.5
Not Seasonally Adjusted,2020,11,119.3
Not Seasonally Adjusted,2020,12,119.4
Not Seasonally Adjusted,2021,01,120.9
Not Seasonally Adjusted,2021,02,121.9
Not Seasonally Adjusted,2021,03,123.0
Not Seasonally Adjusted,2021,04,124.3
Not Seasonally Adjusted,2021,05,125.5
Not Seasonally Adjusted,2021,06,126.6
Not Seasonally Adjusted,2021,07,127.824
Not Seasonally Adjusted,2021,08,128.755
Not Seasonally Adjusted,2021,09,129.116
Not Seasonally Adjusted,2021,10,130.097
Not Seasonally Adjusted,2021,11,131.090
Not Seasonally Adjusted,2021,12,131.344
Not Seasonally Adjusted,2022,01,133.074
Not Seasonally Adjusted,2022,02,134.581
Not Seasonally Adjusted,2022,03,137.341
Not Seasonally Adjusted,2022,04,138.179
Not Seasonally Adjusted,2022,05,139.419
Not Seasonally Adjusted,2022,06,140.819
Not Seasonally Adjusted,2022,07,140.284
Not Seasonally Adjusted,2022,08,139.965
Not Seasonally Adjusted,2022,09,140.066
Not Seasonally Adjusted,2022,10,140.740
Not Seasonally Adjusted,2022,11,140.785
Not Seasonally Adjusted,2022,12,139.780
Not Seasonally Adjusted,2023,01,140.713
Not Seasonally Adjusted,2023,02,140.956
Not Seasonally Adjusted,2023,03,140.995
Not Seasonally Adjusted,2023,04,141.303
Not Seasonally Adjusted,2023,05,140.912
Not Seasonally Adjusted,2023,06,141.181
Not Seasonally Adjusted,2023,07,141.871
Not Seasonally Adjusted,2023,08,142.641
Not Seasonally Adjusted,2023,09,142.618
Not Seasonally Adjusted,2023,10,142.258
Not Seasonally Adjusted,2023,11,141.869
Not Seasonally Adjusted,2023,12,141.267
Not Seasonally Adjusted,2024,01,142.186
Not Seasonally Adjusted,2024,02,143.260
Not Seasonally Adjusted,2024,03,143.784
Not Seasonally Adjusted,2024,04,144.563
Not Seasonally Adjusted,2024,05,144.504
Not Seasonally Adjusted,2024,06,145.321
Not Seasonally Adjusted,2024,07,145.264
Not Seasonally Adjusted,2024,08,145.589
Not Seasonally Adjusted,2024,09,145.671
Not Seasonally Adjusted,2024,10,146.291
Not Seasonally Adjusted,2024,11,145.994
Not Seasonally Adjusted,2024,12,146.189
Not Seasonally Adjusted,2025,01,147.604
Not Seasonally Adjusted,2025,02,148.169
Not Seasonally Adjusted,2025,03,148.319
Not Seasonally Adjusted,2025,04,148.009
Not Seasonally Adjusted,2025,05,148.427
Not Seasonally Adjusted,2025,06,148.838
Not Seasonally Adjusted,2025,07,149.898
Not Seasonally Adjusted,2025,08,149.466
Not Seasonally Adjusted,2025,09,150.100
Not Seasonally Adjusted,2025,10,150.439
Not Seasonally Adjusted,2025,11,150.580
Not Seasonally Adjusted,2025,12,150.773
Seasonally Adjusted,2016,01,110.0
Seasonally Adjusted,2016,02,109.7
Seasonally Adjusted,2016,03,109.7
Seasonally Adjusted,2016,04,109.9
Seasonally Adjusted,2016,05,110.1
Seasonally Adjusted,2016,06,110.6
Seasonally Adjusted,2016,07,110.5
Seasonally Adjusted,2016,08,110.3
Seasonally Adjusted,2016,09,110.6
Seasonally Adjusted,2016,10,110.9
Seasonally Adjusted,2016,11,111.1
Seasonally Adjusted,2016,12,111.4
Seasonally Adjusted,2017,01,111.9
Seasonally Adjusted,2017,02,111.9
Seasonally Adjusted,2017,03,112.1
Seasonally Adjusted,2017,04,112.6
Seasonally Adjusted,2017,05,112.5
Seasonally Adjusted,2017,06,112.6
Seasonally Adjusted,2017,07,112.7
Seasonally Adjusted,2017,08,113.1
Seasonally Adjusted,2017,09,113.5
Seasonally Adjusted,2017,10,113.9
Seasonally Adjusted,2017,11,114.3
Seasonally Adjusted,2017,12,114.4
Seasonally Adjusted,2018,01,114.8
Seasonally Adjusted,2018,02,115.1
Seasonally Adjusted,2018,03,115.3
Seasonally Adjusted,2018,04,115.5
Seasonally Adjusted,2018,05,115.9
Seasonally Adjusted,2018,06,116.3
Seasonally Adjusted,2018,07,116.4
Seasonally Adjusted,2018,08,116.5
Seasonally Adjusted,2018,09,116.7
Seasonally Adjusted,2018,10,117.5
Seasonally Adjusted,2018,11,117.4
Seasonally Adjusted,2018,12,117.4
Seasonally Adjusted,2019,01,117.0
Seasonally Adjusted,2019,02,117.2
Seasonally Adjusted,2019,03,117.6
Seasonally Adjusted,2019,04,118.2
Seasonally Adjusted,2019,05,118.3
Seasonally Adjusted,2019,06,118.2
Seasonally Adjusted,2019,07,118.5
Seasonally Adjusted,2019,08,118.6
Seasonally Adjusted,2019,09,118.3
Seasonally Adjusted,2019,10,118.8
Seasonally Adjusted,2019,11,118.6
Seasonally Adjusted,2019,12,119.0
Seasonally Adjusted,2020,01,119.2
Seasonally Adjusted,2020,02,118.6
Seasonally Adjusted,2020,03,118.0
Seasonally Adjusted,2020,04,116.6
Seasonally Adjusted,2020,05,117.2
Seasonally Adjusted,2020,06,117.5
Seasonally Adjusted,2020,07,118.2
Seasonally Adjusted,2020,08,118.4
Seasonally Adjusted,2020,09,118.8
Seasonally Adjusted,2020,10,119.4
Seasonally Adjusted,2020,11,119.5
Seasonally Adjusted,2020,12,120.0
Seasonally Adjusted,2021,01,121.2
Seasonally Adjusted,2021,02,122.0
Seasonally Adjusted,2021,03,122.8
Seasonally Adjusted,2021,04,124.0
Seasonally Adjusted,2021,05,125.3
Seasonally Adjusted,2021,06,126.2
Seasonally Adjusted,2021,07,127.486
Seasonally Adjusted,2021,08,128.603
Seasonally Adjusted,2021,09,129.226
Seasonally Adjusted,2021,10,130.045
Seasonally Adjusted,2021,11,131.475
Seasonally Adjusted,2021,12,132.260
Seasonally Adjusted,2022,01,133.529
Seasonally Adjusted,2022,02,134.771
Seasonally Adjusted,2022,03,137.037
Seasonally Adjusted,2022,04,137.773
Seasonally Adjusted,2022,05,139.013
Seasonally Adjusted,2022,06,140.273
Seasonally Adjusted,2022,07,139.837
Seasonally Adjusted,2022,08,139.755
Seasonally Adjusted,2022,09,140.200
Seasonally Adjusted,2022,10,140.681
Seasonally Adjusted,2022,11,141.160
Seasonally Adjusted,2022,12,140.694
Seasonally Adjusted,2023,01,141.203
Seasonally Adjusted,2023,02,141.135
Seasonally Adjusted,2023,03,140.736
Seasonally Adjusted,2023,04,140.934
Seasonally Adjusted,2023,05,140.614
Seasonally Adjusted,2023,06,140.698
Seasonally Adjusted,2023,07,141.485
Seasonally Adjusted,2023,08,142.409
Seasonally Adjusted,2023,09,142.744
Seasonally Adjusted,2023,10,142.249
Seasonally Adjusted,2023,11,142.334
Seasonally Adjusted,2023,12,142.165
Seasonally Adjusted,2024,01,142.576
Seasonally Adjusted,2024,02,143.356
Seasonally Adjusted,2024,03,143.521
Seasonally Adjusted,2024,04,144.197
Seasonally Adjusted,2024,05,144.224
Seasonally Adjusted,2024,06,144.869
Seasonally Adjusted,2024,07,144.922
Seasonally Adjusted,2024,08,145.409
Seasonally Adjusted,2024,09,145.803
Seasonally Adjusted,2024,10,146.294
Seasonally Adjusted,2024,11,146.447
Seasonally Adjusted,2024,12,147.052
Seasonally Adjusted,2025,01,147.975
Seasonally Adjusted,2025,02,148.233
Seasonally Adjusted,2025,03,148.055
Seasonally Adjusted,2025,04,147.655
Seasonally Adjusted,2025,05,148.153
Seasonally Adjusted,2025,06,148.393
Seasonally Adjusted,2025,07,149.597
Seasonally Adjusted,2025,08,149.327
Seasonally Adjusted,2025,09,150.245
Seasonally Adjusted,2025,10,150.439
Seasonally Adjusted,2025,11,151.054
Seasonally Adjusted,2025,12,151.592
